wl,n,k
3.40E-02,0.842171,9.07E-02
3.60E-02,0.83072,1.09E-01
3.80E-02,0.819753,1.30E-01
4.00E-02,0.809997,1.53E-01
4.20E-02,0.802291,1.80E-01
4.40E-02,0.797737,2.09E-01
4.60E-02,0.797007,2.41E-01
4.80E-02,0.805579,2.77E-01
5.00E-02,0.820742,3.00E-01
5.20E-02,0.830957,3.15E-01
5.40E-02,0.83524,3.31E-01
5.60E-02,0.835295,3.50E-01
5.79E-02,0.831628,3.74E-01
6.00E-02,0.830901,4.12E-01
6.19E-02,0.840575,4.56E-01
6.40E-02,0.866994,5.03E-01
6.61E-02,0.903527,5.36E-01
6.81E-02,0.941801,5.63E-01
7.00E-02,0.981692,5.79E-01
7.19E-02,1.020921,5.86E-01
7.40E-02,1.049744,5.80E-01
7.60E-02,1.068724,5.86E-01
7.80E-02,1.087685,5.98E-01
8.00E-02,1.111682,6.13E-01
8.20E-02,1.140628,6.29E-01
8.39E-02,1.173382,6.45E-01
8.59E-02,1.214969,6.57E-01
8.79E-02,1.259495,6.57E-01
8.99E-02,1.302663,6.53E-01
9.20E-02,1.34676,6.44E-01
9.40E-02,1.387639,6.29E-01
9.59E-02,1.425425,6.05E-01
9.79E-02,1.455868,5.75E-01
1.00E-01,1.476628,5.43E-01
1.02E-01,1.493473,5.19E-01
1.04E-01,1.506677,4.93E-01
1.06E-01,1.516305,4.71E-01
1.08E-01,1.523589,4.49E-01
1.10E-01,1.528933,4.30E-01
1.12E-01,1.535363,4.15E-01
1.14E-01,1.543211,3.99E-01
1.16E-01,1.54807,3.83E-01
1.18E-01,1.553435,3.71E-01
1.20E-01,1.56087,3.60E-01
1.22E-01,1.570304,3.49E-01
1.24E-01,1.584638,3.39E-01
1.26E-01,1.606068,3.22E-01
1.28E-01,1.626822,2.88E-01
1.30E-01,1.633849,2.39E-01
1.32E-01,1.61942,1.87E-01
1.34E-01,1.586268,1.49E-01
1.36E-01,1.536403,1.33E-01
1.38E-01,1.496271,1.42E-01
1.40E-01,1.471129,1.68E-01
1.42E-01,1.461485,1.93E-01
1.44E-01,1.460977,2.17E-01
1.46E-01,1.469275,2.41E-01
1.48E-01,1.489551,2.64E-01
1.50E-01,1.521276,2.77E-01
1.52E-01,1.559942,2.77E-01
1.54E-01,1.596861,2.58E-01
1.56E-01,1.620422,2.34E-01
1.58E-01,1.641473,2.02E-01
1.60E-01,1.650184,1.67E-01
1.62E-01,1.652917,1.35E-01
1.64E-01,1.6531,1.04E-01
1.66E-01,1.647245,7.24E-02
1.68E-01,1.635062,4.00E-02
1.70E-01,1.605555,4.00E-03
1.72E-01,1.568183,2.00E-03
1.74E-01,1.549412,1.18E-03
1.75E-01,1.543062,8.39E-04
1.80E-01,1.513343,6.00E-05
1.85E-01,1.491881,1.25E-06
1.90E-01,1.475183,3.62E-07
1.95E-01,1.462543,1.85E-07
2.00E-01,1.451724,1.10E-07
2.05E-01,1.442296,6.71E-08
2.10E-01,1.434685,3.84E-08
2.15E-01,1.427828,2.00E-08
2.20E-01,1.421603,1.27E-08
2.25E-01,1.415921,1.16E-08
2.30E-01,1.410702,1.10E-08
2.35E-01,1.406358,1.07E-08
2.40E-01,1.402321,1.05E-08
2.45E-01,1.398535,9.90E-09
2.50E-01,1.394993,9.31E-09
2.55E-01,1.391674,8.61E-09
2.60E-01,1.388881,7.99E-09
2.65E-01,1.386239,7.44E-09
2.70E-01,1.383726,6.85E-09
2.75E-01,1.381341,6.29E-09
2.80E-01,1.379072,5.79E-09
2.85E-01,1.376902,5.40E-09
2.90E-01,1.375086,4.80E-09
2.95E-01,1.373098,4.40E-09
3.00E-01,1.371437,4.15E-09
3.05E-01,1.369839,3.83E-09
3.10E-01,1.368287,3.55E-09
3.15E-01,1.366812,3.32E-09
3.20E-01,1.365376,3.19E-09
3.25E-01,1.36399,3.08E-09
3.30E-01,1.362616,2.98E-09
3.35E-01,1.361513,2.88E-09
3.40E-01,1.360441,2.77E-09
3.45E-01,1.359231,2.65E-09
3.50E-01,1.358224,2.53E-09
3.55E-01,1.357247,2.42E-09
3.60E-01,1.356295,2.32E-09
3.65E-01,1.35537,2.22E-09
3.70E-01,1.35447,2.12E-09
3.75E-01,1.353594,2.03E-09
3.80E-01,1.35274,1.94E-09
3.85E-01,1.352046,1.84E-09
3.90E-01,1.351231,1.76E-09
3.95E-01,1.350438,1.66E-09
4.00E-01,1.349793,1.58E-09
4.05E-01,1.349159,1.49E-09
4.10E-01,1.348417,1.42E-09
4.15E-01,1.347811,1.34E-09
4.20E-01,1.347219,1.26E-09
4.25E-01,1.346636,1.17E-09
4.30E-01,1.346066,1.09E-09
4.35E-01,1.345505,1.02E-09
4.40E-01,1.344956,9.39E-10
4.45E-01,1.344418,8.69E-10
4.50E-01,1.343889,8.09E-10
4.55E-01,1.343368,7.79E-10
4.60E-01,1.342858,7.60E-10
4.65E-01,1.342455,7.50E-10
4.70E-01,1.341961,7.29E-10
4.75E-01,1.341475,7.01E-10
4.80E-01,1.341093,7.09E-10
4.85E-01,1.34062,7.16E-10
4.90E-01,1.340248,7.34E-10
4.95E-01,1.339791,7.85E-10
5.00E-01,1.33943,9.24E-10
5.05E-01,1.339073,1.08E-09
5.11E-01,1.338635,1.27E-09
5.15E-01,1.338288,1.46E-09
5.20E-01,1.337944,1.57E-09
5.25E-01,1.337607,1.64E-09
5.30E-01,1.337273,1.76E-09
5.35E-01,1.336943,1.89E-09
5.40E-01,1.336615,2.10E-09
5.45E-01,1.336292,2.27E-09
5.50E-01,1.335972,2.44E-09
5.55E-01,1.335656,2.66E-09
5.60E-01,1.335344,2.87E-09
5.65E-01,1.335035,3.13E-09
5.70E-01,1.334729,3.43E-09
5.75E-01,1.334425,3.84E-09
5.79E-01,1.3342,4.43E-09
5.85E-01,1.333902,5.22E-09
5.90E-01,1.333609,6.36E-09
5.96E-01,1.333316,7.72E-09
6.00E-01,1.3331,9.63E-09
6.05E-01,1.332813,1.13E-08
6.10E-01,1.332598,1.24E-08
6.15E-01,1.332317,1.33E-08
6.19E-01,1.332106,1.40E-08
6.25E-01,1.331826,1.47E-08
6.30E-01,1.331619,1.50E-08
6.35E-01,1.331345,1.55E-08
6.40E-01,1.331144,1.57E-08
6.46E-01,1.330877,1.61E-08
6.50E-01,1.330683,1.67E-08
6.55E-01,1.33049,1.78E-08
6.61E-01,1.330238,1.94E-08
6.65E-01,1.330052,2.03E-08
6.70E-01,1.329869,2.10E-08
6.75E-01,1.32969,2.18E-08
6.81E-01,1.329452,2.30E-08
6.85E-01,1.329278,2.47E-08
6.90E-01,1.329106,2.65E-08
6.95E-01,1.328938,2.96E-08
7.00E-01,1.328769,3.35E-08
7.05E-01,1.328603,4.10E-08
7.10E-01,1.32844,5.00E-08
7.14E-01,1.328279,6.00E-08
7.19E-01,1.32812,7.29E-08
7.24E-01,1.327963,9.14E-08
7.29E-01,1.327808,1.15E-07
7.35E-01,1.327652,1.35E-07
7.40E-01,1.327502,1.46E-07
7.45E-01,1.32735,1.53E-07
7.50E-01,1.327201,1.56E-07
7.55E-01,1.327055,1.58E-07
7.60E-01,1.326909,1.58E-07
7.66E-01,1.326764,1.57E-07
7.69E-01,1.326667,1.53E-07
7.74E-01,1.326524,1.48E-07
7.80E-01,1.326382,1.41E-07
7.85E-01,1.326244,1.34E-07
7.91E-01,1.326104,1.28E-07
7.94E-01,1.326012,1.26E-07
8.00E-01,1.325874,1.25E-07
8.05E-01,1.325739,1.27E-07
8.09E-01,1.325648,1.33E-07
8.15E-01,1.325512,1.45E-07
8.20E-01,1.325379,1.62E-07
8.24E-01,1.32529,1.82E-07
8.30E-01,1.325157,2.04E-07
8.36E-01,1.325025,2.24E-07
8.39E-01,1.324937,2.46E-07
8.45E-01,1.324805,2.69E-07
8.49E-01,1.324718,2.93E-07
8.55E-01,1.32459,3.15E-07
8.59E-01,1.324502,3.35E-07
8.65E-01,1.324373,3.55E-07
8.71E-01,1.324244,3.75E-07
8.75E-01,1.324159,3.91E-07
8.79E-01,1.324074,4.05E-07
8.85E-01,1.323946,4.23E-07
8.89E-01,1.323859,4.40E-07
8.95E-01,1.323732,4.62E-07
8.99E-01,1.323648,4.86E-07
9.06E-01,1.32352,5.15E-07
9.10E-01,1.323434,5.70E-07
9.14E-01,1.323351,6.70E-07
9.20E-01,1.323222,8.30E-07
9.25E-01,1.323138,1.06E-06
9.29E-01,1.323054,1.37E-06
9.35E-01,1.322926,1.77E-06
9.40E-01,1.322842,2.17E-06
9.44E-01,1.322757,2.56E-06
9.51E-01,1.32263,2.93E-06
9.55E-01,1.322546,3.19E-06
9.59E-01,1.322462,3.36E-06
9.66E-01,1.322333,3.46E-06
9.71E-01,1.322249,3.50E-06
9.75E-01,1.322165,3.48E-06
9.79E-01,1.32208,3.42E-06
9.84E-01,1.321994,3.34E-06
9.91E-01,1.321866,3.25E-06
9.95E-01,1.32178,3.13E-06
1.00E+00,1.321695,3.00E-06
1.01E+00,1.321521,2.69E-06
1.02E+00,1.321303,2.35E-06
1.03E+00,1.321128,2.00E-06
1.04E+00,1.320952,1.69E-06
1.05E+00,1.320775,1.42E-06
1.06E+00,1.320596,1.30E-06
1.07E+00,1.320416,1.26E-06
1.08E+00,1.320233,1.33E-06
1.09E+00,1.320051,1.50E-06
1.10E+00,1.319865,1.71E-06
1.11E+00,1.319678,2.04E-06
1.12E+00,1.319488,2.63E-06
1.13E+00,1.319296,3.87E-06
1.14E+00,1.319103,5.95E-06
1.15E+00,1.318909,9.31E-06
1.16E+00,1.318763,1.07E-05
1.17E+00,1.318566,1.12E-05
1.18E+00,1.318366,1.16E-05
1.19E+00,1.318162,1.18E-05
1.20E+00,1.318008,1.20E-05
1.21E+00,1.317799,1.19E-05
1.22E+00,1.317641,1.18E-05
1.23E+00,1.317427,1.16E-05
1.24E+00,1.317263,1.14E-05
1.25E+00,1.317042,1.10E-05
1.26E+00,1.316873,1.08E-05
1.27E+00,1.316645,1.09E-05
1.28E+00,1.31647,1.14E-05
1.29E+00,1.316233,1.22E-05
1.30E+00,1.316052,1.40E-05
1.31E+00,1.315868,1.64E-05
1.32E+00,1.315618,1.91E-05
1.33E+00,1.315425,2.25E-05
1.34E+00,1.315228,2.85E-05
1.35E+00,1.315031,4.05E-05
1.36E+00,1.31476,4.50E-05
1.37E+00,1.314547,5.80E-05
1.38E+00,1.314329,7.80E-05
1.39E+00,1.314104,1.06E-04
1.40E+00,1.313871,1.53E-04
1.41E+00,1.313671,2.54E-04
1.42E+00,1.313518,3.20E-04
1.43E+00,1.313373,3.54E-04
1.44E+00,1.31322,3.63E-04
1.45E+00,1.313055,3.64E-04
1.46E+00,1.312888,3.60E-04
1.47E+00,1.312715,3.39E-04
1.48E+00,1.312525,3.02E-04
1.49E+00,1.312318,2.66E-04
1.50E+00,1.312093,2.25E-04
1.51E+00,1.311852,1.96E-04
1.52E+00,1.311604,1.74E-04
1.53E+00,1.311352,1.60E-04
1.54E+00,1.311097,1.44E-04
1.55E+00,1.310923,1.35E-04
1.56E+00,1.310659,1.24E-04
1.57E+00,1.310387,1.14E-04
1.58E+00,1.310114,1.07E-04
1.59E+00,1.309928,9.94E-05
1.60E+00,1.309642,9.35E-05
1.61E+00,1.309352,8.80E-05
1.62E+00,1.309055,8.31E-05
1.63E+00,1.308855,8.10E-05
1.64E+00,1.308548,7.90E-05
1.65E+00,1.308341,7.59E-05
1.66E+00,1.308021,7.40E-05
1.67E+00,1.307672,7.40E-05
1.68E+00,1.307435,7.50E-05
1.69E+00,1.307073,7.60E-05
1.70E+00,1.306829,7.74E-05
1.71E+00,1.306453,8.05E-05
1.72E+00,1.30607,8.41E-05
1.73E+00,1.305809,8.90E-05
1.74E+00,1.305413,9.51E-05
1.75E+00,1.305142,1.00E-04
1.76E+00,1.304727,1.05E-04
1.77E+00,1.304442,1.12E-04
1.78E+00,1.304155,1.22E-04
1.79E+00,1.303718,1.33E-04
1.80E+00,1.303418,1.36E-04
1.81E+00,1.302947,1.37E-04
1.82E+00,1.302616,1.38E-04
1.83E+00,1.302269,1.42E-04
1.84E+00,1.301709,1.55E-04
1.85E+00,1.301291,1.86E-04
1.86E+00,1.300633,3.20E-04
1.87E+00,1.300214,5.21E-04
1.88E+00,1.29986,7.22E-04
1.89E+00,1.299545,9.22E-04
1.90E+00,1.298998,1.16E-03
1.91E+00,1.298791,1.68E-03
1.92E+00,1.298793,1.83E-03
1.93E+00,1.298681,1.92E-03
1.94E+00,1.29859,1.91E-03
1.95E+00,1.298472,1.85E-03
1.96E+00,1.298308,1.72E-03
1.97E+00,1.298051,1.55E-03
1.98E+00,1.297607,1.40E-03
1.99E+00,1.297292,1.25E-03
2.00E+00,1.296913,1.10E-03
2.01E+00,1.296499,9.90E-04
2.02E+00,1.296066,8.89E-04
2.03E+00,1.295606,8.05E-04
2.04E+00,1.294919,7.39E-04
2.05E+00,1.294457,6.74E-04
2.06E+00,1.293973,6.21E-04
2.07E+00,1.293476,5.73E-04
2.08E+00,1.292966,5.29E-04
2.09E+00,1.292438,4.88E-04
2.10E+00,1.291899,4.64E-04
2.11E+00,1.291353,4.40E-04
2.12E+00,1.290795,4.18E-04
2.13E+00,1.290221,3.97E-04
2.14E+00,1.289634,3.83E-04
2.15E+00,1.289033,3.71E-04
2.16E+00,1.288418,3.59E-04
2.17E+00,1.287787,3.51E-04
2.18E+00,1.287139,3.43E-04
2.19E+00,1.286474,3.39E-04
2.20E+00,1.28579,3.38E-04
2.21E+00,1.285087,3.39E-04
2.22E+00,1.284365,3.41E-04
2.23E+00,1.283619,3.46E-04
2.24E+00,1.282852,3.57E-04
2.25E+00,1.282064,3.74E-04
2.26E+00,1.281256,3.90E-04
2.27E+00,1.280421,4.08E-04
2.28E+00,1.279561,4.29E-04
2.29E+00,1.278675,4.51E-04
2.30E+00,1.277755,4.69E-04
2.31E+00,1.276797,4.92E-04
2.32E+00,1.276305,5.11E-04
2.33E+00,1.275295,5.43E-04
2.34E+00,1.274257,6.00E-04
2.35E+00,1.273184,6.36E-04
2.36E+00,1.272062,6.85E-04
2.37E+00,1.270902,7.43E-04
2.38E+00,1.269682,7.92E-04
2.39E+00,1.269059,8.49E-04
2.40E+00,1.267787,9.09E-04
2.41E+00,1.26645,9.90E-04
2.42E+00,1.265059,1.07E-03
2.43E+00,1.263577,1.15E-03
2.44E+00,1.262824,1.25E-03
2.45E+00,1.261297,1.35E-03
2.46E+00,1.259683,1.47E-03
2.47E+00,1.257969,1.58E-03
2.48E+00,1.257102,1.71E-03
2.49E+00,1.255347,1.81E-03
2.50E+00,1.253465,1.90E-03
2.51E+00,1.251445,1.95E-03
2.52E+00,1.250383,1.99E-03
2.53E+00,1.248127,2.02E-03
2.54E+00,1.245672,2.07E-03
2.55E+00,1.243014,2.14E-03
2.56E+00,1.240167,2.27E-03
2.57E+00,1.23867,2.31E-03
2.58E+00,1.237089,2.34E-03
2.58E+00,1.235426,2.39E-03
2.59E+00,1.233679,2.43E-03
2.59E+00,1.231834,2.48E-03
2.61E+00,1.227769,2.58E-03
2.61E+00,1.225483,2.70E-03
2.62E+00,1.223082,2.98E-03
2.62E+00,1.220535,3.30E-03
2.63E+00,1.218078,4.02E-03
2.64E+00,1.215699,4.36E-03
2.65E+00,1.209954,4.83E-03
2.65E+00,1.206519,5.37E-03
2.66E+00,1.202951,6.28E-03
2.67E+00,1.199289,7.32E-03
2.67E+00,1.19534,8.55E-03
2.68E+00,1.19139,1.05E-02
2.69E+00,1.188087,1.27E-02
2.70E+00,1.179962,1.45E-02
2.70E+00,1.174582,1.64E-02
2.71E+00,1.168874,1.86E-02
2.72E+00,1.160993,2.05E-02
2.72E+00,1.152876,2.82E-02
2.73E+00,1.14952,3.80E-02
2.74E+00,1.142068,4.62E-02
2.75E+00,1.136183,5.48E-02
2.75E+00,1.13286,6.48E-02
2.76E+00,1.131711,7.44E-02
2.77E+00,1.132778,8.35E-02
2.78E+00,1.130913,9.29E-02
2.79E+00,1.127959,1.02E-01
2.79E+00,1.127558,1.12E-01
2.80E+00,1.129478,1.21E-01
2.81E+00,1.128413,1.31E-01
2.82E+00,1.125532,1.42E-01
2.82E+00,1.125351,1.54E-01
2.83E+00,1.127523,1.67E-01
2.84E+00,1.133346,1.80E-01
2.85E+00,1.142386,1.94E-01
2.86E+00,1.145545,2.06E-01
2.86E+00,1.152284,2.18E-01
2.87E+00,1.162372,2.29E-01
2.88E+00,1.178446,2.39E-01
2.89E+00,1.185419,2.49E-01
2.90E+00,1.195889,2.58E-01
2.90E+00,1.208002,2.65E-01
2.92E+00,1.229654,2.72E-01
2.92E+00,1.240033,2.76E-01
2.93E+00,1.252073,2.80E-01
2.94E+00,1.263935,2.80E-01
2.95E+00,1.285942,2.82E-01
2.96E+00,1.297762,2.82E-01
2.96E+00,1.307891,2.78E-01
2.98E+00,1.32631,2.76E-01
2.99E+00,1.334533,2.72E-01
3.00E+00,1.352917,2.72E-01
3.05E+00,1.411876,2.40E-01
3.10E+00,1.452013,1.92E-01
3.15E+00,1.466753,1.35E-01
3.20E+00,1.461522,9.24E-02
3.25E+00,1.449409,6.11E-02
3.30E+00,1.432585,3.69E-02
3.35E+00,1.417064,2.61E-02
3.40E+00,1.404875,1.95E-02
3.45E+00,1.39326,1.32E-02
3.50E+00,1.384213,9.39E-03
3.55E+00,1.376092,6.79E-03
3.60E+00,1.368863,5.15E-03
3.65E+00,1.362546,4.23E-03
3.70E+00,1.356937,3.60E-03
3.75E+00,1.351891,3.40E-03
3.80E+00,1.347393,3.40E-03
3.85E+00,1.343958,3.53E-03
3.90E+00,1.340174,3.80E-03
3.95E+00,1.336658,4.16E-03
4.00E+00,1.333929,4.60E-03
4.05E+00,1.331403,5.07E-03
4.10E+00,1.328504,5.62E-03
4.15E+00,1.326183,6.22E-03
4.20E+00,1.323997,6.88E-03
4.25E+00,1.321906,7.60E-03
4.30E+00,1.319948,8.45E-03
4.35E+00,1.318113,9.31E-03
4.40E+00,1.316398,1.03E-02
4.45E+00,1.31492,1.14E-02
4.50E+00,1.313587,1.24E-02
4.55E+00,1.312483,1.36E-02
4.60E+00,1.311785,1.47E-02
4.65E+00,1.311588,1.55E-02
4.70E+00,1.311451,1.57E-02
4.75E+00,1.311148,1.55E-02
4.80E+00,1.310657,1.50E-02
4.85E+00,1.309721,1.44E-02
4.90E+00,1.30872,1.37E-02
4.95E+00,1.307228,1.31E-02
5.00E+00,1.305885,1.24E-02
5.05E+00,1.304258,1.18E-02
5.11E+00,1.301965,1.11E-02
5.15E+00,1.29991,1.06E-02
5.20E+00,1.29755,1.01E-02
5.25E+00,1.294933,9.90E-03
5.30E+00,1.292117,9.79E-03
5.35E+00,1.289015,9.88E-03
5.40E+00,1.285729,1.03E-02
5.45E+00,1.282194,1.08E-02
5.50E+00,1.278291,1.16E-02
5.55E+00,1.273883,1.26E-02
5.60E+00,1.268802,1.42E-02
5.65E+00,1.262994,1.66E-02
5.70E+00,1.256584,2.03E-02
5.75E+00,1.24837,2.48E-02
5.79E+00,1.242239,3.29E-02
5.85E+00,1.234896,4.32E-02
5.90E+00,1.229289,6.22E-02
5.96E+00,1.231892,8.65E-02
6.00E+00,1.242862,1.07E-01
6.05E+00,1.268459,1.25E-01
6.10E+00,1.295314,1.31E-01
6.15E+00,1.330121,1.17E-01
6.19E+00,1.341605,8.79E-02
6.25E+00,1.339863,6.95E-02
6.30E+00,1.335754,5.70E-02
6.35E+00,1.329242,4.95E-02
6.40E+00,1.325038,4.49E-02
6.46E+00,1.320468,4.18E-02
6.50E+00,1.317726,3.92E-02
6.55E+00,1.314837,3.73E-02
6.61E+00,1.311404,3.56E-02
6.65E+00,1.309021,3.45E-02
6.70E+00,1.306716,3.37E-02
6.75E+00,1.304521,3.31E-02
6.81E+00,1.301901,3.28E-02
6.85E+00,1.300125,3.24E-02
6.90E+00,1.298382,3.22E-02
6.95E+00,1.296751,3.21E-02
7.00E+00,1.295193,3.20E-02
7.05E+00,1.293609,3.19E-02
7.10E+00,1.292093,3.20E-02
7.14E+00,1.290696,3.20E-02
7.19E+00,1.289296,3.20E-02
7.24E+00,1.287944,3.22E-02
7.29E+00,1.286624,3.22E-02
7.35E+00,1.285242,3.23E-02
7.40E+00,1.283912,3.24E-02
7.45E+00,1.282606,3.25E-02
7.50E+00,1.281248,3.26E-02
7.55E+00,1.279895,3.27E-02
7.60E+00,1.278508,3.28E-02
7.66E+00,1.277123,3.30E-02
7.69E+00,1.27622,3.31E-02
7.74E+00,1.274794,3.32E-02
7.80E+00,1.273363,3.35E-02
7.85E+00,1.271952,3.37E-02
7.91E+00,1.270543,3.39E-02
7.94E+00,1.269613,3.41E-02
8.00E+00,1.268163,3.43E-02
8.05E+00,1.266657,3.45E-02
8.09E+00,1.265652,3.47E-02
8.15E+00,1.264125,3.49E-02
8.20E+00,1.262564,3.51E-02
8.24E+00,1.261488,3.53E-02
8.30E+00,1.259903,3.56E-02
8.36E+00,1.25824,3.58E-02
8.39E+00,1.257072,3.60E-02
8.45E+00,1.255384,3.64E-02
8.49E+00,1.25422,3.65E-02
8.55E+00,1.252405,3.69E-02
8.59E+00,1.251193,3.71E-02
8.65E+00,1.249353,3.75E-02
8.71E+00,1.247433,3.78E-02
8.75E+00,1.246095,3.81E-02
8.79E+00,1.244791,3.84E-02
8.85E+00,1.242789,3.88E-02
8.89E+00,1.241424,3.92E-02
8.95E+00,1.239322,3.95E-02
8.99E+00,1.237862,3.99E-02
9.06E+00,1.235657,4.03E-02
9.10E+00,1.234142,4.07E-02
9.14E+00,1.232659,4.11E-02
9.20E+00,1.230259,4.15E-02
9.25E+00,1.228589,4.20E-02
9.29E+00,1.226967,4.23E-02
9.35E+00,1.224439,4.29E-02
9.40E+00,1.222699,4.33E-02
9.44E+00,1.220909,4.37E-02
9.51E+00,1.218113,4.43E-02
9.55E+00,1.216115,4.47E-02
9.59E+00,1.214136,4.54E-02
9.66E+00,1.211068,4.60E-02
9.71E+00,1.208909,4.66E-02
9.75E+00,1.206729,4.72E-02
9.79E+00,1.204471,4.78E-02
9.84E+00,1.202228,4.85E-02
9.91E+00,1.1986,4.93E-02
9.95E+00,1.195932,5.00E-02
1.00E+01,1.193164,5.08E-02
1.00E+01,1.190334,5.17E-02
1.01E+01,1.187365,5.27E-02
1.01E+01,1.1839,5.38E-02
1.02E+01,1.180893,5.80E-02
1.03E+01,1.17836,5.63E-02
1.03E+01,1.174182,5.85E-02
1.04E+01,1.170827,6.00E-02
1.04E+01,1.167354,6.19E-02
1.04E+01,1.16396,6.39E-02
1.05E+01,1.160584,6.62E-02
1.05E+01,1.157248,6.85E-02
1.06E+01,1.153843,7.09E-02
1.06E+01,1.150368,7.36E-02
1.07E+01,1.146959,7.65E-02
1.07E+01,1.143601,7.96E-02
1.08E+01,1.140345,8.29E-02
1.08E+01,1.137372,8.65E-02
1.09E+01,1.134419,8.97E-02
1.09E+01,1.131445,9.33E-02
1.10E+01,1.12864,9.68E-02
1.10E+01,1.125466,1.00E-01
1.11E+01,1.12201,1.04E-01
1.11E+01,1.118841,1.08E-01
1.12E+01,1.116059,1.13E-01
1.12E+01,1.113289,1.17E-01
1.13E+01,1.110334,1.22E-01
1.14E+01,1.107674,1.27E-01
1.14E+01,1.105361,1.32E-01
1.15E+01,1.103057,1.37E-01
1.15E+01,1.100705,1.42E-01
1.16E+01,1.097503,1.47E-01
1.16E+01,1.096584,1.52E-01
1.16E+01,1.096068,1.57E-01
1.17E+01,1.094339,1.62E-01
1.17E+01,1.092339,1.68E-01
1.18E+01,1.090622,1.74E-01
1.19E+01,1.089062,1.80E-01
1.19E+01,1.086474,1.87E-01
1.19E+01,1.086163,1.93E-01
1.20E+01,1.08748,1.99E-01
1.21E+01,1.087926,2.05E-01
1.21E+01,1.087993,2.11E-01
1.22E+01,1.086723,2.18E-01
1.22E+01,1.087212,2.24E-01
1.22E+01,1.089721,2.30E-01
1.23E+01,1.090913,2.36E-01
1.24E+01,1.09127,2.42E-01
1.24E+01,1.092375,2.48E-01
1.24E+01,1.095643,2.53E-01
1.25E+01,1.098011,2.59E-01
1.26E+01,1.099603,2.64E-01
1.26E+01,1.100816,2.69E-01
1.26E+01,1.104624,2.74E-01
1.27E+01,1.107403,2.79E-01
1.28E+01,1.108999,2.84E-01
1.28E+01,1.110319,2.88E-01
1.29E+01,1.114243,2.93E-01
1.29E+01,1.116753,2.98E-01
1.29E+01,1.118262,3.01E-01
1.30E+01,1.122067,3.06E-01
1.31E+01,1.124841,3.10E-01
1.31E+01,1.126485,3.14E-01
1.32E+01,1.130583,3.18E-01
1.32E+01,1.133825,3.23E-01
1.32E+01,1.135773,3.26E-01
1.33E+01,1.139515,3.29E-01
1.33E+01,1.141428,3.32E-01
1.34E+01,1.14585,3.36E-01
1.35E+01,1.149628,3.40E-01
1.35E+01,1.151643,3.43E-01
1.36E+01,1.156338,3.47E-01
1.36E+01,1.16015,3.49E-01
1.36E+01,1.161869,3.51E-01
1.37E+01,1.165763,3.55E-01
1.37E+01,1.167947,3.57E-01
1.38E+01,1.172049,3.60E-01
1.38E+01,1.174089,3.62E-01
1.39E+01,1.178513,3.65E-01
1.40E+01,1.182458,3.68E-01
1.40E+01,1.18474,3.70E-01
1.41E+01,1.189086,3.72E-01
1.41E+01,1.191399,3.74E-01
1.42E+01,1.195603,3.76E-01
1.42E+01,1.197623,3.77E-01
1.43E+01,1.201594,3.79E-01
1.43E+01,1.203552,3.81E-01
1.44E+01,1.207465,3.83E-01
1.44E+01,1.209428,3.84E-01
1.45E+01,1.213645,3.86E-01
1.45E+01,1.215328,3.87E-01
1.46E+01,1.218762,3.90E-01
1.46E+01,1.220973,3.92E-01
1.47E+01,1.225566,3.93E-01
1.47E+01,1.227627,3.94E-01
1.48E+01,1.231631,3.96E-01
1.48E+01,1.233597,3.97E-01
1.49E+01,1.2375,3.99E-01
1.49E+01,1.239445,4.00E-01
1.50E+01,1.243348,4.02E-01
1.50E+01,1.245318,4.03E-01
1.51E+01,1.24938,4.04E-01
1.51E+01,1.251704,4.05E-01
1.51E+01,1.253631,4.05E-01
1.52E+01,1.256977,4.07E-01
1.52E+01,1.25888,4.08E-01
1.53E+01,1.263173,4.10E-01
1.53E+01,1.265082,4.10E-01
1.54E+01,1.26844,4.12E-01
1.55E+01,1.270391,4.13E-01
1.55E+01,1.272559,4.14E-01
1.56E+01,1.276473,4.15E-01
1.56E+01,1.278233,4.16E-01
1.57E+01,1.282639,4.18E-01
1.57E+01,1.284709,4.18E-01
1.57E+01,1.286576,4.19E-01
1.58E+01,1.290576,4.20E-01
1.58E+01,1.292723,4.21E-01
1.59E+01,1.294706,4.21E-01
1.60E+01,1.298872,4.22E-01
1.60E+01,1.30131,4.22E-01
1.60E+01,1.303145,4.22E-01
1.61E+01,1.306556,4.23E-01
1.61E+01,1.30854,4.24E-01
1.62E+01,1.313112,4.25E-01
1.63E+01,1.315327,4.25E-01
1.63E+01,1.317122,4.25E-01
1.64E+01,1.320901,4.26E-01
1.64E+01,1.322675,4.26E-01
1.64E+01,1.324631,4.27E-01
1.65E+01,1.326773,4.27E-01
1.66E+01,1.33087,4.23E-01
1.66E+01,1.333056,4.28E-01
1.66E+01,1.334869,4.28E-01
1.67E+01,1.338869,4.29E-01
1.67E+01,1.341074,4.29E-01
1.68E+01,1.342949,4.29E-01
1.69E+01,1.347481,4.30E-01
1.69E+01,1.349696,4.29E-01
1.69E+01,1.351233,4.29E-01
1.70E+01,1.352834,4.29E-01
1.71E+01,1.356772,4.30E-01
1.71E+01,1.359301,4.30E-01
1.71E+01,1.361083,4.29E-01
1.72E+01,1.364655,4.30E-01
1.73E+01,1.367219,4.30E-01
1.73E+01,1.369211,4.29E-01
1.73E+01,1.370751,4.29E-01
1.74E+01,1.374519,4.29E-01
1.75E+01,1.376758,4.29E-01
1.75E+01,1.378598,4.28E-01
1.75E+01,1.380029,4.28E-01
1.76E+01,1.38366,4.28E-01
1.77E+01,1.385875,4.28E-01
1.77E+01,1.387734,4.27E-01
1.77E+01,1.389417,4.27E-01
1.78E+01,1.390838,4.26E-01
1.79E+01,1.394313,4.27E-01
1.79E+01,1.396377,4.26E-01
1.79E+01,1.398169,4.26E-01
1.80E+01,1.399826,4.25E-01
1.80E+01,1.401123,4.25E-01
1.81E+01,1.404604,4.25E-01
1.82E+01,1.406786,4.25E-01
1.82E+01,1.408657,4.24E-01
1.82E+01,1.410419,4.24E-01
1.83E+01,1.412092,4.23E-01
1.84E+01,1.415276,4.23E-01
1.84E+01,1.417548,4.23E-01
1.85E+01,1.419809,4.22E-01
1.85E+01,1.421557,4.21E-01
1.85E+01,1.42282,4.21E-01
1.86E+01,1.426178,4.21E-01
1.87E+01,1.428308,4.20E-01
1.87E+01,1.429982,4.19E-01
1.87E+01,1.43124,4.18E-01
1.88E+01,1.432797,4.18E-01
1.88E+01,1.434643,4.17E-01
1.89E+01,1.435881,4.16E-01
1.90E+01,1.439563,4.16E-01
1.90E+01,1.441618,4.14E-01
1.91E+01,1.442846,4.13E-01
1.91E+01,1.444197,4.12E-01
1.91E+01,1.445486,4.11E-01
1.92E+01,1.446666,4.10E-01
1.92E+01,1.447502,4.09E-01
1.93E+01,1.450255,4.09E-01
1.94E+01,1.452188,4.08E-01
1.94E+01,1.453825,4.07E-01
1.95E+01,1.455604,4.06E-01
1.95E+01,1.456898,4.04E-01
1.95E+01,1.457713,4.03E-01
1.96E+01,1.458719,4.03E-01
1.96E+01,1.45969,4.02E-01
1.97E+01,1.460391,4.01E-01
1.98E+01,1.463349,4.01E-01
1.98E+01,1.4654,3.99E-01
1.99E+01,1.466543,3.97E-01
1.99E+01,1.467,3.95E-01
2.00E+01,1.467249,3.94E-01
2.00E+01,1.467642,3.93E-01
2.10E+01,1.483693,3.82E-01
2.20E+01,1.499422,3.72E-01
2.30E+01,1.516402,3.63E-01
2.40E+01,1.529309,3.48E-01
2.50E+01,1.537967,3.36E-01
2.60E+01,1.54408,3.23E-01
2.70E+01,1.54667,3.10E-01
2.80E+01,1.546272,2.99E-01
2.90E+01,1.542658,2.89E-01
3.00E+01,1.5355,2.82E-01
3.10E+01,1.527225,2.79E-01
3.20E+01,1.519076,2.80E-01
3.30E+01,1.511879,2.83E-01
3.40E+01,1.505906,2.86E-01
3.50E+01,1.498932,2.92E-01
3.60E+01,1.49296,2.99E-01
3.70E+01,1.48674,3.07E-01
3.80E+01,1.481006,3.19E-01
3.90E+01,1.478232,3.32E-01
4.00E+01,1.476571,3.44E-01
4.10E+01,1.475642,3.59E-01
4.20E+01,1.477194,3.74E-01
4.30E+01,1.480747,3.88E-01
4.40E+01,1.485266,4.03E-01
4.50E+01,1.491543,4.18E-01
4.60E+01,1.499424,4.32E-01
4.70E+01,1.508821,4.46E-01
4.80E+01,1.520272,4.58E-01
4.90E+01,1.531473,4.68E-01
5.00E+01,1.54227,4.77E-01
5.20E+01,1.567492,4.97E-01
5.40E+01,1.594131,5.08E-01
5.60E+01,1.619157,5.16E-01
5.79E+01,1.643739,5.23E-01
6.00E+01,1.669053,5.26E-01
6.19E+01,1.690223,5.25E-01
6.40E+01,1.709762,5.25E-01
6.61E+01,1.729441,5.23E-01
6.81E+01,1.747333,5.21E-01
7.00E+01,1.762824,5.17E-01
7.19E+01,1.777162,5.14E-01
7.40E+01,1.7908,5.10E-01
7.60E+01,1.805539,5.08E-01
7.80E+01,1.81911,5.02E-01
8.00E+01,1.830882,4.96E-01
8.20E+01,1.84233,4.91E-01
8.39E+01,1.851943,4.84E-01
8.59E+01,1.859854,4.77E-01
8.79E+01,1.867327,4.72E-01
8.99E+01,1.874242,4.65E-01
9.20E+01,1.880545,4.60E-01
9.40E+01,1.88633,4.55E-01
9.59E+01,1.891384,4.49E-01
9.79E+01,1.895435,4.43E-01
1.00E+02,1.899131,4.38E-01
1.10E+02,1.907505,4.18E-01
1.20E+02,1.911671,4.17E-01
1.30E+02,1.919973,4.19E-01
1.40E+02,1.927412,4.21E-01
1.50E+02,1.934154,4.26E-01
1.60E+02,1.941655,4.33E-01
1.70E+02,1.948419,4.40E-01
1.80E+02,1.955736,4.51E-01
1.90E+02,1.965156,4.61E-01
2.00E+02,1.974559,4.70E-01
2.10E+02,1.983438,4.78E-01
2.20E+02,1.992287,4.87E-01
2.30E+02,2.001418,4.96E-01
2.40E+02,2.010446,5.06E-01
2.50E+02,2.020318,5.14E-01
2.60E+02,2.029224,5.21E-01
2.70E+02,2.037243,5.28E-01
2.80E+02,2.045135,5.36E-01
2.90E+02,2.052476,5.43E-01
3.00E+02,2.059773,5.51E-01
3.20E+02,2.073976,5.66E-01
3.40E+02,2.086956,5.80E-01
3.60E+02,2.099543,5.97E-01
3.80E+02,2.112811,6.13E-01
4.00E+02,2.125742,6.29E-01
4.20E+02,2.139507,6.45E-01
4.40E+02,2.153213,6.59E-01
4.60E+02,2.166254,6.73E-01
4.80E+02,2.177335,6.85E-01
5.00E+02,2.188736,7.00E-01
5.20E+02,2.200349,7.13E-01
5.40E+02,2.210869,7.24E-01
5.60E+02,2.220374,7.36E-01
5.79E+02,2.228339,7.48E-01
6.00E+02,2.236685,7.62E-01
6.50E+02,2.254575,7.92E-01
7.00E+02,2.270109,8.31E-01
7.50E+02,2.290196,8.73E-01
8.00E+02,2.312599,9.12E-01
8.49E+02,2.337241,9.50E-01
8.99E+02,2.363856,9.84E-01
9.51E+02,2.385313,1.01E+00
1.00E+03,2.399111,1.04E+00
1.10E+03,2.43676,1.12E+00
1.20E+03,2.481153,1.19E+00
1.30E+03,2.527536,1.26E+00
1.40E+03,2.577344,1.33E+00
1.50E+03,2.629097,1.39E+00
1.60E+03,2.679108,1.45E+00
1.70E+03,2.729264,1.51E+00
1.80E+03,2.781861,1.57E+00
1.90E+03,2.831974,1.62E+00
2.00E+03,2.881863,1.67E+00
2.10E+03,2.9339,1.72E+00
2.20E+03,2.983258,1.76E+00
2.30E+03,3.032401,1.81E+00
2.40E+03,3.084049,1.85E+00
2.50E+03,3.133464,1.89E+00
2.60E+03,3.179887,1.93E+00
2.70E+03,3.228984,1.97E+00
2.80E+03,3.27947,2.01E+00
2.90E+03,3.326631,2.04E+00
3.00E+03,3.37461,2.08E+00
3.10E+03,3.422465,2.11E+00
3.20E+03,3.468221,2.14E+00
3.30E+03,3.516889,2.17E+00
3.40E+03,3.563346,2.20E+00
3.50E+03,3.607096,2.23E+00
3.60E+03,3.650102,2.25E+00
3.70E+03,3.695213,2.29E+00
3.80E+03,3.74193,2.31E+00
3.90E+03,3.785136,2.33E+00
4.00E+03,3.829496,2.36E+00
4.10E+03,3.873564,2.38E+00
4.20E+03,3.917021,2.40E+00
4.30E+03,3.960586,2.42E+00
4.40E+03,4.003601,2.45E+00
4.50E+03,4.045111,2.46E+00
4.60E+03,4.084851,2.48E+00
4.70E+03,4.125763,2.50E+00
4.80E+03,4.16654,2.52E+00
4.90E+03,4.207585,2.54E+00
5.00E+03,4.248425,2.55E+00
5.10E+03,4.288766,2.57E+00
5.20E+03,4.328263,2.58E+00
5.30E+03,4.367201,2.59E+00
5.40E+03,4.403706,2.61E+00
5.50E+03,4.442443,2.63E+00
5.60E+03,4.482558,2.64E+00
5.70E+03,4.51875,2.65E+00
5.80E+03,4.555811,2.66E+00
5.90E+03,4.593558,2.67E+00
6.00E+03,4.631138,2.69E+00
6.10E+03,4.667698,2.69E+00
6.20E+03,4.704528,2.71E+00
6.30E+03,4.740422,2.71E+00
6.40E+03,4.77647,2.72E+00
6.50E+03,4.8114,2.73E+00
6.60E+03,4.844068,2.74E+00
6.70E+03,4.881015,2.75E+00
6.80E+03,4.915201,2.75E+00
6.90E+03,4.946351,2.76E+00
7.00E+03,4.9798,2.77E+00
7.10E+03,5.013994,2.77E+00
7.20E+03,5.047771,2.78E+00
7.30E+03,5.083439,2.79E+00
7.40E+03,5.116001,2.79E+00
7.50E+03,5.146161,2.79E+00
7.60E+03,5.177179,2.80E+00
7.70E+03,5.209531,2.80E+00
7.80E+03,5.241539,2.80E+00
7.90E+03,5.273172,2.81E+00
8.00E+03,5.304929,2.81E+00
8.10E+03,5.336323,2.81E+00
8.20E+03,5.367389,2.82E+00
8.30E+03,5.398286,2.82E+00
8.40E+03,5.428878,2.83E+00
8.50E+03,5.459208,2.83E+00
8.60E+03,5.489262,2.83E+00
8.70E+03,5.519027,2.83E+00
8.80E+03,5.548489,2.83E+00
8.90E+03,5.577699,2.83E+00
9.00E+03,5.606586,2.83E+00
9.10E+03,5.635201,2.83E+00
9.20E+03,5.663535,2.84E+00
9.30E+03,5.691521,2.83E+00
9.40E+03,5.719272,2.83E+00
9.50E+03,5.746661,2.83E+00
9.60E+03,5.773802,2.83E+00
9.70E+03,5.800631,2.84E+00
9.80E+03,5.827179,2.83E+00
9.90E+03,5.853423,2.83E+00
1.00E+04,5.879378,2.83E+00
1.10E+04,6.131865,2.81E+00
1.20E+04,6.346035,2.77E+00
1.30E+04,6.538143,2.73E+00
1.40E+04,6.711149,2.68E+00
1.50E+04,6.867192,2.63E+00
1.60E+04,7.007965,2.58E+00
1.70E+04,7.135674,2.52E+00
1.80E+04,7.252419,2.46E+00
1.90E+04,7.358822,2.40E+00
2.00E+04,7.455943,2.34E+00
2.10E+04,7.544423,2.28E+00
2.20E+04,7.625553,2.22E+00
2.30E+04,7.701126,2.17E+00
2.40E+04,7.768902,2.11E+00
2.50E+04,7.831158,2.06E+00
2.60E+04,7.889643,2.01E+00
2.70E+04,7.941322,1.96E+00
2.80E+04,7.989355,1.91E+00
2.90E+04,8.033791,1.87E+00
3.00E+04,8.074469,1.82E+00
3.10E+04,8.11218,1.78E+00
3.20E+04,8.147128,1.74E+00
3.30E+04,8.179843,1.70E+00
3.40E+04,8.209818,1.66E+00
3.50E+04,8.238281,1.63E+00
3.60E+04,8.264599,1.59E+00
3.70E+04,8.288448,1.56E+00
3.80E+04,8.311297,1.53E+00
3.90E+04,8.332788,1.49E+00
4.00E+04,8.3527,1.46E+00
4.10E+04,8.371979,1.43E+00
4.20E+04,8.389151,1.40E+00
4.30E+04,8.405156,1.38E+00
4.40E+04,8.420858,1.35E+00
4.50E+04,8.43566,1.33E+00
4.60E+04,8.449912,1.30E+00
4.70E+04,8.462521,1.28E+00
4.80E+04,8.474673,1.26E+00
4.90E+04,8.48647,1.23E+00
5.00E+04,8.49729,1.21E+00
5.10E+04,8.507814,1.19E+00
5.20E+04,8.51749,1.17E+00
5.30E+04,8.526995,1.15E+00
5.40E+04,8.535947,1.13E+00
5.50E+04,8.54556,1.12E+00
5.60E+04,8.554652,1.10E+00
5.70E+04,8.563363,1.08E+00
5.80E+04,8.571605,1.06E+00
5.90E+04,8.579613,1.05E+00
6.00E+04,8.587191,1.03E+00
6.10E+04,8.594362,1.02E+00
6.20E+04,8.601342,1.00E+00
6.30E+04,8.607948,9.87E-01
6.40E+04,8.614382,9.73E-01
6.50E+04,8.620473,9.59E-01
6.60E+04,8.626323,9.46E-01
6.70E+04,8.63203,9.33E-01
6.80E+04,8.637431,9.20E-01
6.90E+04,8.642623,9.08E-01
7.00E+04,8.647693,8.96E-01
7.10E+04,8.652568,8.84E-01
7.20E+04,8.657181,8.73E-01
7.30E+04,8.661691,8.62E-01
7.40E+04,8.666029,8.51E-01
7.50E+04,8.670273,8.41E-01
7.60E+04,8.674287,8.30E-01
7.70E+04,8.678217,8.20E-01
7.80E+04,8.681999,8.10E-01
7.90E+04,8.685638,8.01E-01
8.00E+04,8.689204,7.91E-01
8.10E+04,8.692637,7.82E-01
8.20E+04,8.695941,7.73E-01
8.30E+04,8.699181,7.65E-01
8.40E+04,8.702404,7.56E-01
8.50E+04,8.705507,7.48E-01
8.60E+04,8.708553,7.39E-01
8.70E+04,8.711486,7.31E-01
8.80E+04,8.714366,7.24E-01
8.90E+04,8.717139,7.16E-01
9.00E+04,8.719808,7.08E-01
9.10E+04,8.722432,7.01E-01
9.20E+04,8.725011,6.94E-01
9.30E+04,8.727494,6.87E-01
9.40E+04,8.729884,6.80E-01
9.50E+04,8.732236,6.73E-01
9.60E+04,8.734549,6.66E-01
9.70E+04,8.736776,6.60E-01
9.80E+04,8.738919,6.53E-01
9.90E+04,8.741029,6.47E-01
1.00E+05,8.743107,6.41E-01
1.10E+05,8.761392,5.85E-01
1.20E+05,8.776133,5.38E-01
1.30E+05,8.788091,4.98E-01
1.40E+05,8.797836,4.64E-01
1.50E+05,8.804337,4.34E-01
1.60E+05,8.809677,4.07E-01
1.70E+05,8.814082,3.84E-01
1.80E+05,8.817867,3.63E-01
1.90E+05,8.821129,3.45E-01
2.00E+05,8.823834,3.28E-01
2.10E+05,8.826184,3.12E-01
2.20E+05,8.82823,2.98E-01
2.30E+05,8.830103,2.86E-01
2.40E+05,8.831656,2.74E-01
2.50E+05,8.833091,2.63E-01
2.60E+05,8.834348,2.54E-01
2.70E+05,8.835449,2.44E-01
2.80E+05,8.836475,2.36E-01
2.90E+05,8.837375,2.27E-01
3.00E+05,8.838141,2.20E-01
3.10E+05,8.838809,2.13E-01
3.20E+05,8.839434,2.06E-01
3.30E+05,8.84002,2.01E-01
3.40E+05,8.840491,1.94E-01
3.50E+05,8.840974,1.89E-01
3.60E+05,8.841394,1.84E-01
3.70E+05,8.84179,1.79E-01
3.80E+05,8.842166,1.74E-01
3.90E+05,8.842491,1.70E-01
4.00E+05,8.842801,1.66E-01
4.10E+05,8.843095,1.62E-01
4.20E+05,8.843349,1.58E-01
4.30E+05,8.843591,1.54E-01
4.40E+05,8.843823,1.51E-01
4.50E+05,8.844044,1.48E-01
4.60E+05,8.844254,1.45E-01
4.70E+05,8.844436,1.42E-01
4.80E+05,8.844609,1.39E-01
4.90E+05,8.844776,1.36E-01
5.00E+05,8.844936,1.33E-01
5.11E+05,8.845089,1.31E-01
5.20E+05,8.84522,1.28E-01
5.30E+05,8.845345,1.26E-01
5.40E+05,8.845467,1.23E-01
5.50E+05,8.845583,1.21E-01
5.60E+05,8.845696,1.19E-01
5.70E+05,8.845804,1.17E-01
5.79E+05,8.845896,1.15E-01
5.90E+05,8.845997,1.13E-01
6.00E+05,8.846082,1.11E-01
6.10E+05,8.846164,1.09E-01
6.19E+05,8.846244,1.08E-01
6.30E+05,8.846321,1.06E-01
6.40E+05,8.846396,1.04E-01
6.50E+05,8.846468,1.03E-01
6.61E+05,8.846538,1.01E-01
6.70E+05,8.846596,1.00E-01
6.81E+05,8.846662,9.86E-02
6.90E+05,8.846716,9.70E-02
7.00E+05,8.846769,9.57E-02
7.10E+05,8.846821,9.44E-02
7.19E+05,8.846871,9.29E-02
7.29E+05,8.84692,9.18E-02
7.40E+05,8.846967,9.05E-02
7.50E+05,8.847013,8.93E-02
7.60E+05,8.847058,8.83E-02
7.69E+05,8.847094,8.71E-02
7.80E+05,8.847137,8.59E-02
7.91E+05,8.847178,8.49E-02
8.00E+05,8.847212,8.39E-02
8.09E+05,8.847244,8.28E-02
8.20E+05,8.847283,8.18E-02
8.30E+05,8.847314,8.09E-02
8.39E+05,8.847344,7.98E-02
8.49E+05,8.847374,7.88E-02
8.59E+05,8.847403,7.79E-02
8.71E+05,8.847437,7.72E-02
8.79E+05,8.847459,7.62E-02
8.89E+05,8.847485,7.55E-02
8.99E+05,8.847512,7.46E-02
9.10E+05,8.847537,7.38E-02
9.20E+05,8.847563,7.31E-02
9.29E+05,8.847582,7.22E-02
9.40E+05,8.847606,7.14E-02
9.51E+05,8.84763,7.08E-02
9.59E+05,8.847648,7.00E-02
9.71E+05,8.847671,6.93E-02
9.79E+05,8.847688,6.85E-02
9.91E+05,8.84771,6.80E-02
1.00E+06,8.847727,6.73E-02
1.10E+06,8.847889,6.12E-02
1.20E+06,8.848013,5.62E-02
1.30E+06,8.848109,5.20E-02
1.40E+06,8.848183,4.83E-02
1.50E+06,8.848243,4.51E-02
1.60E+06,8.848291,4.23E-02
1.70E+06,8.84833,3.98E-02
1.80E+06,8.848364,3.77E-02
1.90E+06,8.848392,3.57E-02
2.00E+06,8.848415,3.39E-02
2.10E+06,8.848435,3.23E-02
2.20E+06,8.848452,3.09E-02
2.30E+06,8.848467,2.96E-02
2.40E+06,8.84848,2.84E-02
2.50E+06,8.848491,2.72E-02
2.60E+06,8.848501,2.62E-02
2.70E+06,8.84851,2.52E-02
2.80E+06,8.848518,2.44E-02
2.90E+06,8.848524,2.35E-02
3.00E+06,8.848531,2.27E-02
3.10E+06,8.848536,2.20E-02
3.20E+06,8.848541,2.13E-02
3.30E+06,8.848546,2.07E-02
3.40E+06,8.84855,2.01E-02
3.50E+06,8.848554,1.95E-02
3.60E+06,8.848557,1.90E-02
3.70E+06,8.84856,1.85E-02
3.80E+06,8.848563,1.80E-02
3.90E+06,8.848566,1.76E-02
4.00E+06,8.848568,1.71E-02
4.10E+06,8.84857,1.67E-02
4.20E+06,8.848572,1.63E-02
4.30E+06,8.848574,1.59E-02
4.40E+06,8.848576,1.56E-02
4.50E+06,8.848577,1.52E-02
4.60E+06,8.848579,1.49E-02
4.70E+06,8.84858,1.46E-02
4.80E+06,8.848581,1.43E-02
4.90E+06,8.848582,1.40E-02
5.00E+06,8.848584,1.37E-02
5.11E+06,8.848585,1.35E-02
5.20E+06,8.848585,1.32E-02
5.30E+06,8.848586,1.30E-02
5.40E+06,8.848587,1.27E-02
5.50E+06,8.848588,1.25E-02
5.60E+06,8.848589,1.23E-02
5.70E+06,8.848589,1.21E-02
5.79E+06,8.84859,1.19E-02
5.90E+06,8.848591,1.17E-02
6.00E+06,8.848591,1.15E-02
6.10E+06,8.848592,1.13E-02
6.19E+06,8.848592,1.11E-02
6.30E+06,8.848593,1.09E-02
6.40E+06,8.848593,1.08E-02
6.50E+06,8.848594,1.06E-02
6.61E+06,8.848594,1.04E-02
6.70E+06,8.848594,1.03E-02
6.81E+06,8.848595,1.02E-02
6.90E+06,8.848595,1.00E-02
7.00E+06,8.848595,9.86E-03
7.10E+06,8.848596,9.70E-03
7.19E+06,8.848596,9.57E-03
7.29E+06,8.848596,9.46E-03
7.40E+06,8.848596,9.33E-03
7.50E+06,8.848597,9.20E-03
7.60E+06,8.848597,9.09E-03
7.69E+06,8.848597,8.95E-03
7.80E+06,8.848597,8.85E-03
7.91E+06,8.848598,8.75E-03
8.00E+06,8.848598,8.63E-03
8.09E+06,8.848598,8.53E-03
8.20E+06,8.848598,8.43E-03
8.30E+06,8.848598,8.33E-03
8.39E+06,8.848598,8.22E-03
8.49E+06,8.848598,8.12E-03
8.59E+06,8.848599,8.03E-03
8.71E+06,8.848599,7.96E-03
8.79E+06,8.848599,7.85E-03
8.89E+06,8.848599,7.76E-03
8.99E+06,8.848599,7.69E-03
9.10E+06,8.848599,7.60E-03
9.20E+06,8.848599,7.53E-03
9.29E+06,8.848599,7.44E-03
9.40E+06,8.8486,7.36E-03
9.51E+06,8.8486,7.29E-03
9.59E+06,8.8486,7.21E-03
9.71E+06,8.8486,7.14E-03
9.79E+06,8.8486,7.06E-03
9.91E+06,8.8486,7.01E-03
1.00E+07,8.8486,6.93E-03
,,
,,
,,
,,
,,
,,
,,
,,
,,
,,
,,
,,
,,
,,
,,
,,
,,
,,
,,
,,
,,
,,
,,
,,
,,
,,
,,
,,
,,
,,
,,
,,
,,
,,
,,
,,
,,
,,
,,
,,
,,
,,
,,
,,
,,
,,
,,
,,
,,
,,
,,
,,
,,
,,
,,
,,
,,
,,
,,
,,
,,
,,
,,
,,
,,
,,
,,
,,
,,
,,
,,
,,
,,
,,
,,
,,
,,
,,
,,
,,
,,
,,
,,
,,
,,
,,
,,
,,
,,
,,
,,
,,
,,
,,
,,
,,
,,
,,
,,
,,
,,
,,
,,
,,
,,
,,
,,
,,
,,
,,
,,
,,
,,
,,
,,
,,
,,
,,
,,
,,
,,
,,
,,
,,
,,
,,
,,
,,
,,
,,
,,
,,
,,
,,
,,
,,
,,
,,
,,
,,
,,
,,
,,
,,
,,
,,
,,
,,
,,
,,
,,
,,
,,
,,
,,
,,
,,
,,
,,
,,
,,
,,
,,
,,
,,
,,
,,
,,
,,
,,
,,
,,
,,
,,
,,
,,
,,
,,
,,
,,
,,
,,
,,
,,
,,
,,
,,
,,
,,
,,
,,
,,
,,
,,
,,
,,
,,
,,
,,
,,
,,
,,
,,
,,
,,
,,
,,
,,
,,
,,
,,
,,
,,
,,
,,
,,
,,
,,
,,
,,
,,
,,
,,
,,
,,
,,
,,
,,
,,
,,
,,
,,
,,
,,
,,
,,
,,
,,
,,
,,
,,
,,
,,
,,
,,
,,
,,
,,
,,
,,
,,
,,
,,
,,
,,
,,
,,
,,
,,
,,
,,
,,
,,
,,
,,
,,
,,
,,
,,
,,
,,
,,
,,
,,
,,
,,
,,
,,
,,
,,
,,
,,
,,
,,
,,
,,
,,
,,
,,
,,
,,
,,
,,
,,
,,
,,
,,
,,
,,
,,
,,
,,
,,
,,
,,
,,
,,
,,
,,
,,
,,
,,
,,
,,
,,
,,
,,
,,
,,
,,
,,
,,
,,
,,
,,
,,
,,
,,
,,
,,
,,
,,
,,
,,
,,
,,
,,
,,
,,
,,
,,
,,
,,
,,
,,
,,
,,
,,
,,
,,
,,
,,
,,
,,
,,
,,
,,
,,
,,
,,
,,
,,
,,
,,
,,
,,
,,
,,
,,
,,
,,
,,
,,
,,
,,
,,
,,
,,
,,
,,
,,
,,
,,
,,
,,
,,
,,
,,
,,
,,
,,
,,
,,
,,
,,
,,
,,
,,
,,
,,
,,
,,
,,
,,
,,
,,
,,
,,
,,
,,
,,
,,
,,
,,
,,
,,
,,
,,
,,
,,
,,
,,
,,
,,
,,
,,
,,
,,
,,
,,
,,
,,
,,
,,
,,
,,
,,
,,
,,
,,
,,
,,
,,
,,
,,
,,
,,
,,
,,
,,
,,
,,
,,
,,
,,
,,
,,
,,
,,
,,
,,
,,
,,
,,
,,
,,
,,
,,
,,
,,
,,
,,
,,
,,
,,
,,
,,
,,
,,
,,
,,
,,
,,
,,
,,
,,
,,
,,
,,
,,
,,
,,
,,
,,
,,
,,
,,
,,
,,
,,
,,
,,
,,
,,
,,
,,
,,
,,
,,
,,
,,
,,
,,
,,
,,
,,
,,
,,
,,
,,
,,
,,
,,
,,
,,
,,
,,
,,
,,
,,
,,
,,
,,
,,
,,
,,
,,
,,
,,
,,
,,
,,
,,
,,
,,
,,
,,
,,
,,
,,
,,
,,
,,
,,
,,
,,
,,
,,
,,
,,
,,
,,
,,
,,
,,
,,
,,
,,
,,
,,
,,
,,
,,
,,
,,
,,
,,
,,
,,
,,
,,
,,
,,
,,
,,
,,
,,
,,
,,
,,
,,
,,
,,
,,
,,
,,
,,
,,
,,
,,
,,
,,
,,
,,
,,
,,
,,
,,
,,
,,
,,
,,
,,
,,
,,
,,
,,
,,
,,
,,
,,
,,
,,
,,
,,
,,
,,
,,
,,
,,
,,
,,
,,
,,
,,
,,
,,
,,
,,
,,
,,
,,
,,
,,
,,
,,
,,
,,
,,
,,
,,
,,
,,
,,
,,
,,
,,
,,
,,
,,
,,
,,
,,
,,
,,
,,
,,
,,
,,
,,
,,
,,
,,
,,
,,
,,
,,
,,
,,
,,
,,
,,
,,
,,
,,
,,
,,
,,
,,
,,
,,
,,
,,
,,
,,
,,
,,
,,
,,
,,
,,
,,
,,
,,
,,
,,
,,
,,
,,
,,
,,
,,
,,
,,
,,
,,
,,
,,
,,
,,
,,
,,
,,
,,
,,
,,
,,
,,
,,
,,
,,
,,
,,
,,
,,
,,
,,
,,
,,
,,
,,
,,
,,
,,
,,
,,
,,
,,
,,
,,
,,
,,
,,
,,
,,
,,
,,
,,
,,
,,
,,
,,
,,
,,
,,
,,
,,
,,
,,
,,
,,
,,
,,
,,
,,
,,
,,
,,
,,
,,
,,
,,
,,
,,
,,
,,
,,
,,
,,
,,
,,
,,
,,
,,
,,
,,
,,
,,
,,
,,
,,
,,
,,
,,
,,
,,
,,
,,
,,
,,
,,
,,
,,
,,
,,
,,
,,
,,
,,
,,
,,
,,
,,
,,
,,
,,
,,
,,
,,
,,
,,
,,
,,
,,
,,
,,
,,
,,
,,
,,
,,
,,
,,
,,
,,
,,
,,
,,
,,
,,
,,
,,
,,
,,
,,
,,
,,
,,
,,
,,
,,
,,
,,
,,
,,
,,
,,
,,
,,
,,
,,
,,
,,
,,
,,
,,
,,
,,
,,
,,
,,
,,
,,
,,
,,
,,
,,
,,
,,
,,
,,
,,
,,
,,
,,
,,
,,
,,
,,
,,
,,
,,
,,
,,
,,
,,
,,
,,
,,
,,
,,
,,
,,
,,
,,
,,
,,
,,
,,
,,
,,
,,
,,
,,
,,
,,
,,
,,
,,
,,
,,
,,
,,
,,
,,
,,
,,
,,
,,
,,
,,
,,
,,
,,
,,
,,
,,
,,
,,
,,
,,
,,
,,
,,
,,
,,
,,
,,
,,
,,
,,
,,
,,
,,
,,
,,
,,
,,
,,
,,
,,
,,
,,
,,
,,
,,
,,
,,
,,
,,
,,
,,
,,
,,
,,
,,
,,
,,
,,
,,
,,
,,
,,
,,
,,
,,
,,
,,
,,
,,
,,
,,
,,
,,
,,
,,
,,
,,
,,
,,
,,
,,
,,
,,
,,
,,
,,
,,
,,
,,
,,
,,
,,
,,
,,
,,
,,
,,
,,
,,
,,
,,
,,
,,
,,
,,
,,
,,
,,
,,
,,
,,
,,
,,
,,
,,
,,
,,
,,
,,
,,
,,
,,
,,
,,
,,
,,
,,
,,
,,
,,
,,
,,
,,
,,
,,
,,
,,
,,
,,
,,
,,
,,
,,
,,
,,
,,
,,
,,
,,
,,
,,
,,
,,
,,
,,
,,
,,
,,
,,
,,
,,
,,
,,
,,
,,
,,
,,
,,
,,
,,
,,
,,
,,
,,
,,
,,
,,
,,
,,
,,
,,
,,
,,
,,
,,
,,
,,
,,
,,
,,
,,
,,
,,
,,
,,
,,
,,
,,
,,
,,
,,
,,
,,
,,
,,
,,
,,
,,
,,
,,
,,
,,
,,
,,
,,
,,
,,
,,
,,
,,
,,
,,
,,
,,
,,
,,
,,
,,
,,
,,
,,
,,
,,
,,
,,
,,
,,
,,
,,
,,
,,
,,
,,
,,
,,
,,
,,
,,
,,
,,
,,
,,
,,
,,
,,
,,
,,
,,
,,
,,
,,
,,
,,
,,
,,
,,
,,
,,
,,
,,
,,
,,
,,
,,
,,
,,
,,
,,
,,
,,
,,
,,
,,
,,
,,
,,
,,
,,
,,
,,
,,
,,
,,
,,
,,
,,
,,
,,
,,
,,
,,
,,
,,
,,
,,
,,
,,
,,
,,
,,
,,
,,
,,
,,
,,
,,
,,
,,